{
  "人物传": [
    {
      "id": 1001,
      "name": "冯玉祥传",
      "author": "简又文",
      "price": "14.99",
      "amount": "32",
      "cover": "1.jpg",
      "substract": "冯玉祥由一个不识不知的贫寒小子，艰苦奋斗，屡著勋劳，而成为功业煊赫、权势重大、拥数十万大兵之军事领袖，其中年为国民革命努力以完成北伐之殊功伟迹，与晚年团结戮力以达到抗战胜利之苦心孤诣，耿耿精忠，自无可非议。但也因其间及晚年与国民党中央时合时分，屡有不协之言论与行动，不免受人指摘。作者简又文中国当代史学家、著名的太平天国史专家。广东新会人，广州市社会局局长、立法委员、广东省文献会主任委员、香港东方文化研究所研究员。曾任冯玉祥军中政治部主任，与冯半生结患难之交，以第一手资料，站在客观的历史立场作此传记，再现冯玉祥沉浮一生。"
    }, {
      "id": 1002,
      "name": "蒋廷黻回忆录",
      "author": "蒋廷黻",
      "price": "14.99",
      "amount": "4",
      "cover": "2.jpg",
      "substract": "本书系作者退休后在哥伦比亚大学口述自传的中文译本，1979 年由台湾传记文学出版社出版，引起海内外学界广泛关注。蒋廷黻一生经历复杂，亲历了时代的风云变幻。他以学者的眼光与头脑进行观察思考，每有人所未道之处。加之长期身处高位，回忆录中披露的大量鲜为人知的史事，更是研究近现代历史的珍贵资料。这是该书的主要价值所在，也是我们出版该书的着眼点。蒋廷黻作为一个有着特殊经历和身份的「重要人物」，其回忆录确实有着较为重要的史料参考价值，可借其「口述自传」仅完成了大约一半即病故，本书仅仅反映了他前半生的经历，抗战以后的部分未能完成。这和他在清华任教时立志用十年时间撰写出《中国近代史》的宿愿未能实现一样，给相关研究者留下了永远的遗憾。"
    }, {
      "id": 1003,
      "name": "朱元璋传",
      "author": "张宏杰",
      "price": "9.99",
      "amount": "7",
      "cover": "3.jpg",
      "substract": "公元 1368 年，四十岁的朱元璋击破各路农民起义军后，在应天府称帝，建立了最后一个由汉人统治的庞大帝国。他也成为中国史上真正意义上的「农民帝王」。如清人赵翼所言：「盖明祖一人，圣贤、豪杰、盗贼之性，实兼而有之者也。」善于笼络人心、优待知识分子、大局观好、有决断力，朱元璋所表现出的不同于元末豪强的「圣贤之质」，助他登上大位。而成功后的朱元璋则露出青面獠牙，以奴性统治国家，打断中国人的脊梁，成为中国文化劣根性的元凶，把他们驯化成专门提供粮食的顺民。朱元璋的成功与失败都离不开「中国」这一文化土壤。本书将朱元璋放入中国文化的大背景下做了细致的剖析，力图为读者呈现一个多维度的朱元璋。"
    }, {
      "id": 1004,
      "name": "苏东坡传",
      "author": "林语堂",
      "price": "7.99",
      "amount": "48",
      "cover": "4.jpg",
      "substract": "《苏东坡传》是林语堂最得意的作品，中国现代长篇传记开标立范之作。苏东坡是一个无可救药的乐天派、一个伟大的人道主义者、一个百姓的朋友、一个大文豪、大书法家、创新的画家、造酒试验家、一个工程师、一个憎恨清教徒主义的人、一位瑜伽修行者佛教徒、巨儒政治家、一个皇帝的秘书、酒仙、厚道的法官、一位在政治上专唱反调的人。一个月夜徘徊者、一个诗人、一个小丑。但是这还不足以道出苏东坡的全部……苏东坡比中国其他的诗人更具有多面性天才的丰富感、变化感和幽默感，智能优异，心灵却像天真的小孩——这种混合等于耶稣所谓蛇的智慧加上鸽子的温文。林语堂（1895-1976）一代国学大师，曾两次获得诺贝尔文学奖提名的中国作家。著有《生活的艺术》《吾国与吾民》《京华烟云》等，并将孔孟老庄哲学和陶渊明、李白、苏东坡、曹雪芹等人的文学作品英译推介海外，是第一位以英文书写扬名海外的中国作家，也是集语言学家、哲学家、文学家于一身的知名学者。"
    }, {
      "id": 1005,
      "name": "世界因你不同：李开复自传",
      "author": "李开复",
      "price": "25.20",
      "amount": "24",
      "cover": "5.jpg",
      "substract": "李开复唯一一部描写全面生平事迹的传记：《世界因你不同：李开复自传》书中讲述了家庭教育培育的「天才少年」；学校教育塑造的「创新青年」，走入世界顶级大公司，苹果、微软、谷歌等亲历的风云内幕，岁月 30 载不懈奋斗、追求事业成功的辉煌历程。李开复博士于 2009 年 9 月在中国北京创立创新工厂，帮助中国青年成功创业，创新工厂立足互联网、移动互联网和云计算等领域。在此之前，曾就职于谷歌、微软、苹果等世界顶尖科技公司，并分别担任全球副总裁职务。曾以最高荣誉毕业于哥伦比亚大学，关于 1988 年获卡内基梅隆大学计算机学博士学位。分别于 2011 年、2015 年被授予香港城市大学荣誉博士、卡内基梅隆大学荣誉商业管理博士。李开复博士还是美国电气电子工程协会的院士。曾任美国「百人会」副会长。2013 年当选为《时代周刊》全球最具影响力 100 人。"
    }
  ],
  "历史": [{
    "id": 1006,
    "name": "极简亚洲千年史",
    "author": "斯图亚特·戈登",
    "price": "11.99",
    "amount": "2",
    "cover": "6.jpg",
    "substract": "中世纪的世界史，就是亚洲的历史。 你一定听过玄奘西行取经或者郑和下西洋的故事，除了传播佛法和增进贸易，这些旅行还间接促进了亚洲各地的文化交流。你可能认为是欧洲带来了全球交流，但你可知道中世纪时亚洲才是世界的中心，而欧洲不过是世界边缘的蛮荒之地？中古亚洲对于当时世界 的影响远比你想象的要大。无论是壮游十四年、走遍中亚与印度的玄奘，还是哲学、医学、数学、管理学无所不通，影响欧洲学术甚深的伊本•西拿，又或是一度失国又复国、立足中亚挥军印度的莫卧儿开国君主巴布尔……透过细腻的描绘与大量原创研究，本书不仅勾勒了中世纪亚洲独有的迷人风貌，更让我们得以明了，在那漫漫千年中，亚洲就是整个世界。"
    }]
}
